Activity ID,Activity Date,Activity Name,Activity Type,Activity Description,Elapsed Time,Distance in Kilometers,Relative Effort,Commute,Activity Gear,Filename,Athlete Weight,Bike Weight,Moving Time,Max Speed,Average Speed,Elevation Gain,Elevation Loss,Elevation Low,Elevation High,Calories
3835484095,"Jul 29, 2020, 9:43:11 PM",Afternoon Ride,Ride,,1284,5.06,,FALSE,,activities/3835484095.gpx,,,1284,10.19999981,3.945872307,41.02684402,40.92684174,89.80000305,107.9000015,
3840939398,"Jul 30, 2020, 11:27:32 PM",Evening Ride,Ride,,1937,9.81,,FALSE,,activities/3840939398.gpx,,,1937,10.10000038,5.067681789,65.44869995,65.44869995,85.90000153,108.1999969,
3844858300,"Jul 31, 2020, 8:05:34 PM",Afternoon Ride,Ride,,747,2.58,,FALSE,,activities/3844858300.gpx,,,747,6.300000191,3.456090927,18.93312836,18.83312798,94.19999695,107.8000031,
3858315888,"Aug 3, 2020, 2:23:10 PM",Morning Ride,Ride,,597,2.42,,FALSE,,activities/3858315888.gpx,,,597,6.599999905,4.064154148,16.38999939,16.29000092,94.19999695,107.8000031,
3870423027,"Aug 5, 2020, 9:45:12 PM",Afternoon Ride,Ride,,1106,4.34,,FALSE,,activities/3870423027.gpx,,,1106,7.199999809,3.927938461,26.33414078,25.03414154,92.19999695,107.8000031,
3874396628,"Aug 6, 2020, 5:54:27 PM",Afternoon Ride,Ride,,646,2.72,,FALSE,,activities/3874396628.gpx,,,646,6.099999905,4.216099262,16.77499962,16.67499924,94.19999695,108.1999969,
3874982087,"Aug 6, 2020, 7:42:30 PM",Afternoon Ride,Ride,,754,3.16,,FALSE,,activities/3874982087.gpx,,,754,8.600000381,4.200530529,20.1744442,20.07444382,94.19999695,108,
3879383482,"Aug 7, 2020, 7:10:51 PM",Afternoon Ride,Ride,,633,2.48,,FALSE,,activities/3879383482.gpx,,,633,7,3.921169043,16.36000061,16.26000023,94.19999695,107.8000031,
3893986482,"Aug 10, 2020, 7:18:14 PM",Afternoon Ride,Ride,,854,3.5,,FALSE,,activities/3893986482.gpx,,,854,7.300000191,4.103630066,20.29801941,20.19801903,94.19999695,108.1999969,
3893986495,"Aug 8, 2020, 7:50:28 PM",Afternoon Ride,Ride,,1893,8.12,,FALSE,,activities/3893986495.gpx,,,1893,7.800000191,4.292921066,49.32561111,49.32561111,85.90000153,112,
3899284407,"Aug 11, 2020, 8:24:21 PM",Afternoon Ride,Ride,,1446,5.32,,FALSE,,activities/3899284407.gpx,,,1446,7,3.68291831,32.47267532,32.47267532,92.19999695,108.1999969,
3913409615,"Aug 14, 2020, 8:49:45 PM",Afternoon Ride,Ride,,1096,4.22,,FALSE,,activities/3913409615.gpx,,,1096,7.599999905,3.852554798,26.15309525,26.25309563,94.19999695,108,
3923923706,"Aug 16, 2020, 10:17:13 PM",Evening Ride,Ride,,1597,6.85,,FALSE,,activities/3923923706.gpx,,,1597,7.800000191,4.291734695,45.19317245,45.09317398,91.5,108.1999969,
3924225377,"Aug 15, 2020, 8:45:40 PM",Saturday Afternoon Run,Run,,1232,3.22,,FALSE,,activities/4200472931.fit.gz,,,1040,4.800000191,3.101442337,20.24484825,17,94.69999695,108.1999969,224
3924225390,"Aug 12, 2020, 2:49:55 PM",Wednesday Morning Run,Run,,1355,3.48,,FALSE,,activities/4200472947.fit.gz,,,1134,4.699999809,3.071340322,20.19262695,19,94.69999695,108.1999969,243
3924225418,"Aug 10, 2020, 4:13:30 PM",Monday Afternoon Run,Run,,1823,5.5,,FALSE,,activities/4200472967.fit.gz,,,1775,4.900000095,3.100394249,24.4058075,30,93.69999695,108.1999969,381
3924225432,"Aug 5, 2020, 6:52:14 PM",Wednesday Afternoon Run,Run,,1576,4.84,,FALSE,,activities/4200472988.fit.gz,,,1447,5.5,3.344436884,27.4366169,19,94.09999847,108.1999969,338
3924225438,"Jul 29, 2020, 1:36:24 PM",Wednesday Morning Run,Run,,908,1.94,,FALSE,,activities/4200473002.fit.gz,,,645,4.300000191,3.008837223,11.97666645,7,101,107.8000031,134
3924225457,"Jul 28, 2020, 12:12:48 PM",Tuesday Morning Run,Run,,717,1.95,,FALSE,,activities/4200473027.fit.gz,,,634,4.800000191,3.074763298,13.55136395,9,100.6999969,107.8000031,135
3924225463,"Jul 27, 2020, 11:48:57 AM",Monday Morning Run,Run,,919,1.9,,FALSE,,activities/4200473033.fit.gz,,,648,4.300000191,2.938734531,11.86397457,12,101,107.8000031,131
3924225484,"Jul 25, 2020, 8:06:02 PM",Saturday Afternoon Run,Run,,1270,3.51,,FALSE,,activities/4200473043.fit.gz,,,1159,4.699999809,3.03339076,20.64969635,22,94.30000305,108.1999969,243
3924225499,"Jul 21, 2020, 10:08:19 PM",Tuesday Evening Run,Run,,1501,2.32,,FALSE,,activities/4200473053.fit.gz,,,1143,4,2.031408548,22.02764893,26,94.59999847,108.1999969,159
3924225515,"Jul 20, 2020, 10:18:00 PM",Monday Evening Run,Run,,755,1.94,,FALSE,,activities/4200473085.fit.gz,,,619,5.5,3.147172928,12.20545483,9,101,107.8000031,135
3924225533,"Jul 19, 2020, 5:50:26 PM",Sunday Afternoon Run,Run,,1140,3.22,,FALSE,,activities/4200473103.fit.gz,,,1024,4.400000095,3.14882803,20.26666641,13,94.69999695,108.1999969,224
3924225541,"Jul 12, 2020, 8:51:30 PM",Sunday Afternoon Run,Run,,1160,3.34,,FALSE,,activities/4200473112.fit.gz,,,1075,4.5,3.110232592,21.34825706,16,93.69999695,108.1999969,232
3924225577,"Jul 11, 2020, 7:15:08 PM",Saturday Afternoon Run,Run,,1329,4.14,,FALSE,,activities/4200473134.fit.gz,,,1291,4.599999905,3.212316036,33.94454575,16,91.59999847,108.1999969,288
3924225597,"Jul 11, 2020, 12:57:57 AM",Friday Evening Run,Run,,1194,3.43,,FALSE,,activities/4200473153.fit.gz,,,1180,4.300000191,2.908389807,20.33328629,19,94.59999847,108.1999969,235
3924225615,"Jul 9, 2020, 5:59:42 PM",Thursday Afternoon Run,Run,,1133,3.42,,FALSE,,activities/4200473182.fit.gz,,,1107,4.599999905,3.089159966,20.15848541,14,94.69999695,108.1999969,237
3924225622,"Jul 8, 2020, 4:49:44 PM",Wednesday Afternoon Run,Run,,661,1.91,,FALSE,,activities/4200473198.fit.gz,,,650,5.400000095,2.951384544,11.89515114,10,101.0999985,107.8000031,132
3924225652,"Jul 5, 2020, 6:20:15 PM",Sunday Afternoon Run,Run,,932,2.41,,FALSE,,activities/4200473256.fit.gz,,,776,4.900000095,3.1112113,12.71565628,6,101.0999985,108.1999969,167
3924225672,"Jul 4, 2020, 9:28:25 PM",Saturday Evening Run,Run,,655,1.9,,FALSE,,activities/4200473320.fit.gz,,,643,4.699999809,2.968740225,11.98257542,4,101.0999985,107.8000031,131
3924225702,"Jul 1, 2020, 2:20:06 AM",Tuesday Night Run,Run,,1414,4.03,,FALSE,,activities/4200473372.fit.gz,,,1395,4,2.895053864,37.28345871,19,91.69999695,106.9000015,277
3924225726,"Jul 1, 2020, 1:13:00 AM",Tuesday Night Run,Run,,1213,3.63,,FALSE,,activities/4200473395.fit.gz,,,1187,5.300000191,3.064448118,21.9766674,13,101.0999985,112,252
3924225743,"Jun 30, 2020, 10:49:47 PM",Tuesday Evening Run,Run,,1215,3.63,,FALSE,,activities/4200473412.fit.gz,,,1206,5.400000095,3.00986743,33.59899139,13,91.5,107.8000031,251
3924225761,"Jun 30, 2020, 9:25:04 PM",Tuesday Evening Run,Run,,1298,3.64,,FALSE,,activities/4200473420.fit.gz,,,1188,5,3.063215494,15.9375,22,92.19999695,108.1999969,252
3924225785,"Jun 30, 2020, 7:26:35 PM",Tuesday Afternoon Run,Run,,1104,3.25,,FALSE,,activities/4200473446.fit.gz,,,1077,4.800000191,3.022562742,17.82662392,10,101.0999985,108.1999969,224
3924225829,"Jun 30, 2020, 5:11:02 PM",Tuesday Afternoon Run,Run,,2563,6.49,,FALSE,,activities/4200473465.fit.gz,,,2259,4.699999809,2.875298738,51.30135727,45,85.90000153,107.8000031,447
3924225861,"Jun 30, 2020, 3:32:17 AM",Monday Night Run,Run,,3853,9.74,,FALSE,,activities/4200473495.fit.gz,,,3743,4.400000095,2.603526592,78.00110626,161,64.40000153,109.5,654
3924225902,"Jun 29, 2020, 4:11:31 PM",Monday Afternoon Run,Run,,1107,3.41,,FALSE,,activities/4200473550.fit.gz,,,1086,4.699999809,3.143922567,19.91187286,23,94.59999847,108.1999969,237
3924225910,"Jun 29, 2020, 9:52:28 PM",Monday Evening Run,Run,,2849,8.09,,FALSE,,activities/4200473522.fit.gz,,,2743,4.800000191,2.950273514,55.67507553,49,89.80000305,107.8000031,557
3924225916,"Jun 29, 2020, 2:08:59 PM",Monday Morning Run,Run,,649,1.79,,FALSE,,activities/4200473561.fit.gz,,,628,4.300000191,2.856369495,11.93454552,3,101.0999985,107.8000031,123
3924225953,"Jun 29, 2020, 3:09:59 AM",Sunday Night Run,Run,,2337,6.43,,FALSE,,activities/4200473575.fit.gz,,,2306,4.800000191,2.791066885,42.85449982,32,85.80000305,107.8000031,439
3924225974,"Jun 29, 2020, 12:01:08 AM",Sunday Evening Run,Run,,2339,6.48,,FALSE,,activities/4200473598.fit.gz,,,2249,4.099999905,2.885104418,50.45167542,35,86,107.8000031,446
3924225981,"Jun 28, 2020, 4:06:43 PM",Sunday Afternoon Run,Run,,1382,3.28,,FALSE,,activities/4200473622.fit.gz,,,1337,3.900000095,2.454001427,18.63615417,19,93.69999695,108.1999969,217
3924226014,"Jun 28, 2020, 3:45:53 PM",Sunday Morning Run,Run,,1039,2.54,,FALSE,,activities/4200473651.fit.gz,,,1020,4,2.49352932,12.75119019,13,101.0999985,108.1999969,169
3924226055,"Jun 28, 2020, 2:50:17 PM",Sunday Morning Run,Run,,2012,5.24,,FALSE,,activities/4200473658.fit.gz,,,1729,4.900000095,3.031521082,33.1168251,35,93.69999695,108.1999969,362
3924226062,"Jun 28, 2020, 3:49:08 AM",Saturday Night Run,Run,,2104,4.93,,FALSE,,activities/4200473671.fit.gz,,,1811,4.099999905,2.722308159,30.57878876,26,93.69999695,107.8000031,337
3924226081,"Jun 28, 2020, 1:17:32 AM",Saturday Night Run,Run,,1666,4.87,,FALSE,,activities/4200473696.fit.gz,,,1657,6.599999905,2.941279411,32.60321808,27,101.0999985,112,335
3924226130,"Jun 27, 2020, 10:14:16 PM",Saturday Evening Run,Run,,3917,9.68,,FALSE,,activities/4200473727.fit.gz,,,3428,4.5,2.824941635,71.86136627,62,85.90000153,108.1999969,663
3924226164,"Jun 26, 2020, 7:38:54 PM",Friday Afternoon Run,Run,,844,1.87,,FALSE,,activities/4200473810.fit.gz,,,687,5.099999905,2.722125292,3.25636363,17,-0.100000001,3.299999952,127
3924226183,"Jun 27, 2020, 2:32:12 AM",Friday Night Run,Run,,4070,12.08,,FALSE,,activities/4200473786.fit.gz,,,4047,7.300000191,2.985470772,91.61404419,68,66.19999695,108.1999969,833
3924226188,"Jun 26, 2020, 7:20:49 PM",Friday Afternoon Run,Run,,833,2.28,,FALSE,,activities/4200473833.fit.gz,,,804,3.900000095,2.840422869,0,6,-0.100000001,1.299999952,156
3924226224,"Jun 25, 2020, 2:22:12 AM",Wednesday Night Run,Run,,1514,4.04,,FALSE,,activities/4200473862.fit.gz,,,1327,4.900000095,3.049057961,33.61919022,27,91.5,107.8000031,280
3924226251,"Jun 24, 2020, 10:37:41 PM",Wednesday Evening Run,Run,,1421,4.13,,FALSE,,activities/4200473898.fit.gz,,,1354,4.599999905,3.054726839,29.92984772,23,94.19999695,107.8000031,286
3924226306,"Jun 24, 2020, 6:58:41 PM",Wednesday Afternoon Run,Run,,2927,8.05,,FALSE,,activities/4200473931.fit.gz,,,2850,4.099999905,2.824771881,76.63977051,41,77.90000153,107.8000031,551
3924226342,"Jun 24, 2020, 12:53:22 AM",Tuesday Evening Run,Run,,3450,9.68,,FALSE,,activities/4200473958.fit.gz,,,3385,4.699999809,2.860620499,72.38378906,52,85.90000153,108.1999969,663
3924226349,"Jun 23, 2020, 6:27:20 PM",Tuesday Afternoon Run,Run,,2686,7.26,,FALSE,,activities/4200473977.fit.gz,,,2626,4.300000191,2.766526937,51.36730576,34,86,108.1999969,495
3924226364,"Jun 23, 2020, 1:41:42 AM",Monday Night Run,Run,,2374,6.47,,FALSE,,activities/4200474000.fit.gz,,,2371,5.400000095,2.730873108,42.91186523,30,85.80000305,107.8000031,440
3924226390,"Jun 22, 2020, 5:44:52 PM",Monday Afternoon Run,Run,,2463,7.24,,FALSE,,activities/4200474031.fit.gz,,,2410,5.099999905,3.006680489,51.72348404,32,85.90000153,108.1999969,500
3924226403,"Jun 22, 2020, 3:59:04 AM",Sunday Night Run,Run,,1841,5.23,,FALSE,,activities/4200474053.fit.gz,,,1763,4.800000191,2.969654083,35.12743759,29,90.90000153,108.1999969,361
3924226435,"Jun 21, 2020, 10:34:56 PM",Sunday Evening Run,Run,,2549,6.89,,FALSE,,activities/4200474084.fit.gz,,,2263,4.5,3.047900915,51.61621094,36,85.90000153,108.1999969,477
3924226474,"Jun 20, 2020, 5:32:46 PM",Saturday Afternoon Run,Run,,1123,3.4,,FALSE,,activities/4200474135.fit.gz,,,1076,5,3.160223007,25.47205162,17,94.19999695,107.8000031,236
3924226485,"Jun 21, 2020, 3:42:47 PM",Sunday Morning Run,Run,,2000,5.64,,FALSE,,activities/4200474123.fit.gz,,,1883,5.099999905,2.994901657,35.23549271,34,90.90000153,108.1999969,389
3924226502,"Jun 20, 2020, 2:50:49 AM",Friday Night Run,Run,,1073,3.32,,FALSE,,activities/4200474159.fit.gz,,,1045,5.900000095,3.179713011,30.72434425,13,91.5,107.8000031,231
3924226517,"Jun 19, 2020, 9:11:11 PM",Friday Evening Run,Run,,667,1.68,,FALSE,,activities/4200474180.fit.gz,,,450,5.599999905,3.74444437,11.8255558,7,101.0999985,107.8000031,120
3924226546,"Jun 19, 2020, 5:47:07 PM",Friday Afternoon Run,Run,,1705,4.94,,FALSE,,activities/4200474208.fit.gz,,,1559,5.5,3.169467688,24.46777725,19,94.5,108,343
3924226585,"Jun 17, 2020, 6:51:10 PM",Afternoon Run,Run,,2145,6.45,,FALSE,,,,,2145,,3.008610487,,,,,
3924226588,"Jun 17, 2020, 11:52:54 PM",Wednesday Evening Run,Run,,1010,3.22,,FALSE,,activities/4200474258.fit.gz,,,986,4.699999809,3.265314341,24.41388893,27,94.19999695,107.8000031,225
3924226598,"Jun 19, 2020, 1:35:15 AM",Thursday Night Run,Run,,3416,9.76,,FALSE,,activities/4200474233.fit.gz,,,3389,4.900000095,2.881233454,65.33434296,45,83.30000305,107.8000031,668
3924226659,"Jun 16, 2020, 1:21:41 AM",Monday Night Run,Run,,1760,4.83,,FALSE,,activities/4200474323.fit.gz,,,1655,5.300000191,2.920120955,36.44778442,31,91.5,107.8000031,332
3924226672,"Jun 16, 2020, 9:31:22 PM",Tuesday Evening Run,Run,,3267,9.66,,FALSE,,activities/4200474312.fit.gz,,,3235,4.599999905,2.986058712,72.08277893,46,85.90000153,107.8000031,665
3924226677,"Jun 15, 2020, 8:27:44 PM",Monday Afternoon Run,Run,,1809,4.83,,FALSE,,activities/4200474348.fit.gz,,,1527,4.900000095,3.164112568,28.65904045,29,93.69999695,108.1999969,335
3924226700,"Jun 14, 2020, 6:16:45 PM",Sunday Afternoon Run,Run,,1422,3.23,,FALSE,,activities/4200474367.fit.gz,,,1159,4.300000191,2.786885262,19.16348457,22,94.19999695,108.1999969,220
3924226722,"Jun 14, 2020, 2:28:45 PM",Sunday Morning Run,Run,,2246,6.04,,FALSE,,activities/4200474388.fit.gz,,,2134,4.300000191,2.834348679,38.06507492,23,90.90000153,108.1999969,414
3924226725,"Jun 13, 2020, 8:34:48 PM",Saturday Afternoon Run,Run,,1295,3.22,,FALSE,,activities/4200474399.fit.gz,,,1236,4.099999905,2.60978961,20.35506439,16,98.5,108.1999969,216
3924227146,"Jun 13, 2020, 2:55:16 PM",Saturday Morning Run,Run,,1834,4.07,,FALSE,,activities/4200474831.fit.gz,,,1549,6.599999905,2.627501726,35.13419724,87,90.90000153,108.5999985,272
3924227162,"Jun 13, 2020, 4:10:25 AM",Saturday Night Run,Run,,2371,5.65,,FALSE,,activities/4200474846.fit.gz,,,2224,3.900000095,2.54226613,39.28474426,35,89.5,107.8000031,379
3924227178,"Jun 13, 2020, 1:25:09 AM",Friday Night Run,Run,,2180,5.68,,FALSE,,activities/4200474856.fit.gz,,,2120,4.900000095,2.68028307,37.45623779,36,94.40000153,108.1999969,383
3924227209,"Jun 12, 2020, 10:05:26 PM",Friday Evening Run,Run,,1634,5,,FALSE,,activities/4200474875.fit.gz,,,1590,4.400000095,3.149056673,34.63584518,29,88,101.8000031,348
3924227218,"Jun 12, 2020, 5:21:40 PM",Friday Afternoon Run,Run,,1284,3.25,,FALSE,,activities/4200474901.fit.gz,,,1165,4.5,2.79433465,18.93590927,13,94.19999695,108.1999969,222
3924227227,"Jun 12, 2020, 2:47:56 PM",Friday Morning Run,Run,,1141,3.24,,FALSE,,activities/4200474916.fit.gz,,,1125,4.599999905,2.879555464,25.19888878,51,93.69999695,108,222
3924227256,"Jun 12, 2020, 2:33:32 AM",Thursday Night Run,Run,,2013,6.45,,FALSE,,activities/4200474942.fit.gz,,,2009,5.5,3.210502625,42.78510284,30,85.80000305,107.8000031,448
3924227273,"Jun 11, 2020, 6:32:38 PM",Thursday Afternoon Run,Run,,1307,3.47,,FALSE,,activities/4200474983.fit.gz,,,1196,4.900000095,2.905601978,33.76398468,73,91.5,107.8000031,238
3924227293,"Jun 11, 2020, 9:25:13 PM",Thursday Evening Run,Run,,3887,9.7,,FALSE,,activities/4200474961.fit.gz,,,3816,5,2.542505264,60.10058212,52,86,108.1999969,647
3924227312,"Jun 7, 2020, 1:59:33 AM",Saturday Night Run,Run,,1358,3.38,,FALSE,,activities/4200475022.fit.gz,,,1277,4,2.650117397,31.70681763,20,90.90000153,107.8000031,229
3924227324,"Jun 7, 2020, 6:04:13 PM",Sunday Afternoon Run,Run,,2705,7.26,,FALSE,,activities/4200475013.fit.gz,,,2411,4.599999905,3.014724255,61.65838242,52,82.80000305,107.8000031,502
3924227326,"Jun 10, 2020, 1:55:29 PM",Wednesday Morning Run,Run,,1907,4.83,,FALSE,,activities/4200475000.fit.gz,,,1791,4.599999905,2.697878361,36.64678192,35,91.5,107.8000031,326
3924227339,"Jun 6, 2020, 9:10:03 PM",Saturday Evening Run,Run,,2154,5.8,,FALSE,,activities/4200475039.fit.gz,,,2059,4.099999905,2.820883989,45.6912384,33,86,107.8000031,398
3924227346,"Jun 6, 2020, 5:14:06 PM",Saturday Afternoon Run,Run,,2077,5.64,,FALSE,,activities/4200475046.fit.gz,,,1960,5.599999905,2.87954092,42.28888702,28,86,107.8000031,387
3924227377,"Jun 5, 2020, 5:23:26 PM",Friday Afternoon Run,Run,,2524,5.02,,FALSE,,activities/4200475053.fit.gz,,,1884,6.900000095,2.666242123,26.02496529,57,1.100000024,24.39999962,342
3924227390,"Jun 4, 2020, 8:58:44 PM",Thursday Afternoon Run,Run,,1279,3.56,,FALSE,,activities/4200475097.fit.gz,,,1264,4.300000191,2.821835518,24.1603241,16,93.59999847,103.9000015,244
3924227436,"Jun 4, 2020, 4:12:55 PM",Thursday Afternoon Run,Run,,2482,6.45,,FALSE,,activities/4200475110.fit.gz,,,2314,4.699999809,2.788677692,33.74218369,25,93.69999695,107.8000031,440
3924227452,"Jun 4, 2020, 1:15:29 AM",Wednesday Night Run,Run,,1818,5.03,,FALSE,,activities/4200475126.fit.gz,,,1719,4.400000095,2.926468849,35.00009155,28,90.90000153,107.8000031,346
3924227462,"Jun 3, 2020, 3:59:07 PM",Wednesday Morning Run,Run,,1696,4.69,,FALSE,,activities/4200475145.fit.gz,,,1532,5.099999905,3.062010527,37.66524506,73,93.30000305,108.6999969,326
3924227504,"Jun 2, 2020, 3:59:28 PM",Tuesday Morning Run,Run,,1735,5.02,,FALSE,,activities/4200475178.fit.gz,,,1698,4.199999809,2.958245039,34.94148636,31,90.90000153,107.8000031,346
3924227514,"Jun 2, 2020, 9:50:26 PM",Tuesday Evening Run,Run,,2614,7.45,,FALSE,,activities/4200475158.fit.gz,,,2413,6.199999809,3.090053797,23.30239487,41,8.600000381,21.70000076,515
3924227544,"Jun 1, 2020, 9:15:07 PM",Monday Evening Run,Run,,2103,4.89,,FALSE,,activities/4200475206.fit.gz,,,1712,5.699999809,2.861506939,46.78502274,37,86.5,108.6999969,335
3924227545,"Jun 1, 2020, 3:34:28 PM",Monday Morning Run,Run,,1685,4.85,,FALSE,,activities/4200475219.fit.gz,,,1613,4.900000095,3.009361506,34.81322479,22,90.90000153,107.8000031,335
3924227552,"May 30, 2020, 10:28:49 PM",Saturday Evening Run,Run,,1373,3.64,,FALSE,,activities/4200475236.fit.gz,,,1141,4.599999905,3.196581841,31.7621479,25,90.90000153,108,254
3924227575,"May 29, 2020, 10:02:51 PM",Friday Evening Run,Run,,2024,5.47,,FALSE,,activities/4200475261.fit.gz,,,1884,4.300000191,2.905360937,45.87148285,37,85.90000153,107.8000031,377
3924227588,"May 28, 2020, 1:15:04 AM",Wednesday Night Run,Run,,1141,3.26,,FALSE,,activities/4200475300.fit.gz,,,1120,4.199999809,2.913035631,31.17879105,22,91.5,107.8000031,225
3924227589,"May 29, 2020, 12:28:03 AM",Thursday Evening Run,Run,,1840,4.9,,FALSE,,activities/4200475280.fit.gz,,,1664,6.199999809,2.944771528,45.99938965,34,89.80000305,107.8000031,338
3924227602,"May 27, 2020, 5:53:25 PM",Wednesday Afternoon Run,Run,,1120,3.39,,FALSE,,activities/4200475319.fit.gz,,,1104,4.699999809,3.072735548,26.6378212,25,94.40000153,108,236
3924227610,"May 26, 2020, 6:40:57 PM",Tuesday Afternoon Run,Run,,1163,3.37,,FALSE,,activities/4200475334.fit.gz,,,1090,5.099999905,3.093945026,20.50704384,16,93.69999695,107.8000031,234
3924227655,"May 25, 2020, 2:59:21 AM",Sunday Night Run,Run,,1830,5.53,,FALSE,,activities/4200475360.fit.gz,,,1816,5,3.047411919,47.12351227,37,90,112,383
3924227663,"May 25, 2020, 6:59:41 PM",Monday Afternoon Run,Run,,1946,5.9,,FALSE,,activities/4200475345.fit.gz,,,1897,4.699999809,3.112756968,50.7396698,39,77.90000153,107.8000031,410
3924227667,"May 21, 2020, 6:58:59 PM",Thursday Afternoon Run,Run,,1156,3.25,,FALSE,,activities/4200475391.fit.gz,,,1017,5,3.202261448,21.11990547,16,101.0999985,112,227
3924227673,"May 23, 2020, 8:46:32 PM",Saturday Afternoon Run,Run,,1929,4.87,,FALSE,,activities/4200475377.fit.gz,,,1549,4.900000095,3.145384073,34.86037445,28,90.90000153,107.8000031,339
3924227678,"May 20, 2020, 4:51:26 PM",Wednesday Afternoon Run,Run,,1153,3.23,,FALSE,,activities/4200475409.fit.gz,,,915,5.300000191,3.536065578,23.6764679,121,101.0999985,114.5999985,228
3924227718,"May 19, 2020, 7:29:32 PM",Tuesday Afternoon Run,Run,,1051,3.51,,FALSE,,activities/4200475431.fit.gz,,,1032,5.300000191,3.403197765,31.83747482,36,90.90000153,107.8000031,247
3924227726,"May 18, 2020, 6:52:51 PM",Monday Afternoon Run,Run,,1304,3.44,,FALSE,,activities/4200475446.fit.gz,,,1050,7.5,3.27733326,25.43642044,24,97.09999847,107.8000031,239
3924227738,"May 17, 2020, 11:07:53 PM",Sunday Evening Run,Run,,1010,3.28,,FALSE,,activities/4200475459.fit.gz,,,992,5.699999809,3.308568478,23.90625,19,93.69999695,107.8000031,230
3924227754,"May 15, 2020, 6:58:35 PM",Friday Afternoon Run,Run,,777,1.62,,FALSE,,activities/4200475492.fit.gz,,,404,8.399999619,4.010396004,13.69999981,6,93.69999695,107.5999985,116
3924227762,"May 17, 2020, 5:54:26 PM",Sunday Afternoon Run,Run,,1726,4.85,,FALSE,,activities/4200475480.fit.gz,,,1611,5.099999905,3.013407707,27.43425941,19,101.0999985,114.4000015,335
3924227772,"May 14, 2020, 10:47:06 PM",Meetinghouse Village,Run,,1030,3.22,,FALSE,,activities/4200475501.fit.gz,,,980,5.699999809,3.286122561,18.20931816,16,93.69999695,107.8000031,225
3924227797,"May 13, 2020, 9:45:36 PM",Wednesday Evening Run,Run,,1183,3.38,,FALSE,,activities/4200475511.fit.gz,,,1104,4.599999905,3.061503649,27.19995117,19,101.0999985,114.5999985,234
3924227806,"May 12, 2020, 11:14:56 PM",Tuesday Evening Run,Run,,1051,3.23,,FALSE,,activities/4200475530.fit.gz,,,1035,4.400000095,3.122995138,21.35545349,19,92.19999695,101.8000031,225
3924227826,"May 10, 2020, 9:32:55 PM",Sunday Evening Run,Run,,1148,3.22,,FALSE,,activities/4200475563.fit.gz,,,1067,4.5,3.023711443,18.77145958,15,98.19999695,108,224
3924227833,"May 11, 2020, 9:44:57 PM",Monday Evening Run,Run,,1546,4.1,,FALSE,,activities/4200475545.fit.gz,,,1350,4.699999809,3.039481401,27.93683434,137,93.69999695,107.8000031,283
3924227846,"May 10, 2020, 12:52:19 AM",Saturday Evening Run,Run,,1076,3.25,,FALSE,,activities/4200475583.fit.gz,,,1017,5.300000191,3.203834772,18.51823807,19,98.30000305,108,227
3924227864,"Apr 28, 2020, 6:25:28 PM",Saturday Afternoon Run,Run,,885,1.62,,FALSE,,activities/4200475602.fit.gz,,,539,4.599999905,3.006864548,8.444852829,16,92.19999695,101.8000031,112
3924227919,"Apr 22, 2020, 9:34:18 PM",Wednesday Evening Run,Run,,1870,5.64,,FALSE,,activities/4200475619.fit.gz,,,1813,4.300000191,3.111252069,37.70555496,37,93.69999695,108,392
3924227933,"Apr 13, 2020, 9:45:09 PM",Monday Evening Run,Run,,577,1.64,,FALSE,,activities/4200475694.fit.gz,,,462,4.800000191,3.548051834,9.458973885,10,92.19999695,101.8000031,115
3924227940,"Apr 19, 2020, 5:08:42 PM",Sunday Afternoon Run,Run,,2454,5.4,,FALSE,,activities/4200475637.fit.gz,,,1990,6.099999905,2.716482401,21.19176483,31,2.5,24.39999962,362
3924227945,"Apr 14, 2020, 5:51:39 PM",Tuesday Afternoon Run,Run,,1536,4.87,,FALSE,,activities/4200475683.fit.gz,,,1513,8.300000191,3.219365597,27.47919083,28,92.19999695,108,336
3924227963,"Apr 12, 2020, 11:56:53 PM",Sunday Evening Run,Run,,1065,3.25,,FALSE,,activities/4200475703.fit.gz,,,1019,4.199999809,3.194013834,18.11992645,13,101.0999985,108.6999969,227
3924227984,"Apr 17, 2020, 9:27:21 PM",Friday Evening Run,Run,,2855,8.08,,FALSE,,activities/4200475660.fit.gz,,,2316,6.5,3.49028492,94.38834381,125,5.300000191,51.29999924,569
3924228023,"Apr 11, 2020, 5:07:26 PM",Saturday Afternoon Run,Run,,2635,6.7,,FALSE,,activities/4200475719.fit.gz,,,2426,6.5,2.764962912,6.689887047,16,2,5.5,449
3924228026,"Apr 7, 2020, 8:51:09 PM",Tuesday Afternoon Run,Run,,1378,3.28,,FALSE,,activities/4200475761.fit.gz,,,1067,7.699999809,3.07516408,33.45908737,28,59.59999847,77.30000305,227
3924228027,"Apr 8, 2020, 8:13:12 PM",Wednesday Afternoon Run,Run,,1789,4.99,,FALSE,,activities/4200475735.fit.gz,,,1581,5.300000191,3.156862736,34.70100021,35,51.29999924,77.19999695,348
3924228057,"Apr 1, 2020, 3:20:47 AM",Tuesday Night Run,Run,,1024,3.27,,FALSE,,activities/4200475801.fit.gz,,,958,5.300000191,3.414405107,36.1612587,31,59,77.19999695,230
3924228068,"Mar 29, 2020, 7:08:04 PM",Sunday Afternoon Run,Run,,1108,1.61,,FALSE,,activities/4200475822.fit.gz,,,732,7.300000191,2.209562778,12.53351879,12,66,77.19999695,89
3924228100,"Mar 28, 2020, 8:26:27 PM",Saturday Afternoon Run,Run,,1224,3.3,,FALSE,,activities/4200475831.fit.gz,,,1068,5,3.095505714,31.17260361,28,54.90000153,77.19999695,230
3924228122,"Mar 26, 2020, 5:54:20 PM",Thursday Afternoon Run,Run,,1366,1.61,,FALSE,,activities/4200475858.fit.gz,,,798,3.400000095,2.028696775,13.501441,3,65.40000153,73.19999695,94
3924228128,"Mar 26, 2020, 8:14:06 PM",Thursday Afternoon Run,Run,,1770,4.95,,FALSE,,activities/4200475848.fit.gz,,,1552,6,3.189819574,42.77423477,104,59,77.19999695,346
3924228137,"Mar 24, 2020, 8:29:16 PM",Tuesday Afternoon Run,Run,,1096,3.22,,FALSE,,activities/4200475864.fit.gz,,,1042,4.400000095,3.091458797,39.9043808,31,37.20000076,73.59999847,224
3924228146,"Mar 24, 2020, 4:46:14 PM",Tuesday Afternoon Run,Run,,1143,1.61,,FALSE,,activities/4200475879.fit.gz,,,710,4.599999905,2.278168917,11.16707516,6,65.40000153,73,99
3924228165,"Mar 22, 2020, 5:59:09 PM",Sunday Afternoon Run,Run,,1607,4.83,,FALSE,,activities/4200475897.fit.gz,,,1513,4.199999809,3.19596839,38.05079651,25,90.59999847,107.8000031,338
3924228166,"Mar 21, 2020, 7:09:52 PM",Saturday Afternoon Run,Run,,1114,3.33,,FALSE,,activities/4200475916.fit.gz,,,1056,4.699999809,3.153787851,35.98887634,19,59,74.59999847,231
3924228184,"Mar 21, 2020, 6:41:58 PM",Saturday Afternoon Run,Run,,1309,1.61,,FALSE,,activities/4200475935.fit.gz,,,786,5.599999905,2.059669256,13.45462132,3,65.40000153,73.59999847,98
3924228217,"Mar 20, 2020, 8:02:18 PM",Friday Afternoon Run,Run,,1784,5.5,,FALSE,,activities/4200475955.fit.gz,,,1677,5.099999905,3.282707214,44.43447113,28,54.70000076,77.19999695,385
3924228227,"Mar 20, 2020, 3:23:56 PM",Friday Morning Run,Run,,1753,2.47,,FALSE,,activities/4200475970.fit.gz,,,1131,4.699999809,2.19053936,29.16009903,18,65.5,77.19999695,140
3924228232,"Apr 5, 2020, 2:52:59 PM",Sunday Morning Run,Run,,7592,20.95,,FALSE,,activities/4200475791.fit.gz,,,7557,7.800000191,2.773203611,94.67651367,121,3.700000048,31.5,1392
3924228239,"Mar 17, 2020, 11:25:47 PM",Tuesday Evening Run,Run,,1352,1.62,,FALSE,,activities/4200475989.fit.gz,,,707,4.699999809,2.303111792,15.99976254,86,65.5,77.19999695,96
3924228246,"Mar 15, 2020, 9:58:28 PM",Sunday Evening Run,Run,,1228,1.72,,FALSE,,activities/4200476001.fit.gz,,,702,4.400000095,2.455555439,19.29669189,12,65.5,77.30000305,104
3924228253,"Mar 14, 2020, 7:56:27 PM",Saturday Afternoon Run,Run,,1151,3.28,,FALSE,,activities/4200476007.fit.gz,,,1071,6.900000095,3.062091589,20.25564384,22,92.19999695,101.8000031,223
3924228278,"Mar 13, 2020, 11:06:32 PM",Friday Evening Run,Run,,529,0.94,,FALSE,,activities/4200476046.fit.gz,,,388,4,2.433247328,7.262637138,77,65.40000153,73.19999695,60
3924228285,"Mar 13, 2020, 11:27:39 PM",Philmont - Somerton,Run,,1055,3.23,,FALSE,,activities/4200476033.fit.gz,,,1005,4.800000191,3.214328289,36.11141586,28,65.40000153,77.19999695,226
3924228301,"Mar 14, 2020, 12:26:18 PM",Rittenhouse - Hawthorne,Run,,2121,5,,FALSE,,activities/4200476023.fit.gz,,,1697,6.099999905,2.950382948,5.224603176,6,9.399999619,12.69999981,339
3924228331,"Mar 11, 2020, 10:27:39 PM",Wednesday Evening Run,Run,,2388,6.96,,FALSE,,activities/4200476058.fit.gz,,,2379,4.800000191,2.926061392,61.75302887,52,61.90000153,73.59999847,478
3924228337,"Mar 4, 2020, 10:29:17 PM",Wednesday Evening Run,Run,,1177,3.22,,FALSE,,activities/4200476094.fit.gz,,,1136,5.199999809,2.841461182,94.06089783,98,22.29999924,74,219
3924228343,"Mar 10, 2020, 9:59:06 AM",Tuesday Morning Run,Run,,1715,5.32,,FALSE,,activities/4200476071.fit.gz,,,1624,8.5,3.27906394,32.23873138,46,6.599999905,32.70000076,371
3924228347,"Feb 29, 2020, 3:53:13 AM",Friday Night Run,Run,,818,2.45,,FALSE,,activities/4200476110.fit.gz,,,805,4.400000095,3.05130434,15.30216694,15,93.69999695,107.8000031,170
3924228376,"Feb 28, 2020, 2:06:19 AM",Thursday Night Run,Run,,1498,4.27,,FALSE,,activities/4200476123.fit.gz,,,1489,6.300000191,2.872464657,28.45860481,34,88,101.8000031,291
3924228407,"Feb 25, 2020, 11:28:25 AM",Tuesday Morning Run,Run,,1838,4.87,,FALSE,,activities/4200476137.fit.gz,,,1520,5.900000095,3.204144716,15.37683868,19,10,22.20000076,339
3924228429,"Feb 20, 2020, 11:23:48 AM",Thursday Morning Run,Run,,1668,5.26,,FALSE,,activities/4200476176.fit.gz,,,1635,6.199999809,3.217798233,22.3722229,31,5,22.79999924,366
3924228466,"Feb 13, 2020, 11:27:21 AM",Thursday Morning Run,Run,,1044,3.24,,FALSE,,activities/4200476230.fit.gz,,,986,9.600000381,3.285801172,16.54154396,12,7.599999905,22.20000076,226
3924228476,"Feb 18, 2020, 11:07:10 AM",Tuesday Morning Run,Run,,2168,6.44,,FALSE,,activities/4200476193.fit.gz,,,2034,6.800000191,3.169567347,27.72616768,28,7.400000095,24.39999962,447
3924228485,"Feb 23, 2020, 7:25:47 PM",Sunday Afternoon Run,Run,,3854,11.32,,FALSE,,activities/4200476158.fit.gz,,,3757,6.900000095,3.015304804,42.86822891,50,22.79999924,41.40000153,784
3924228493,"Feb 16, 2020, 1:30:25 AM",Saturday Evening Run,Run,,1893,4.87,,FALSE,,activities/4200476225.fit.gz,,,1671,5.099999905,2.919509172,38.0346489,31,52.09999847,77.19999695,336
3924228498,"Feb 5, 2020, 1:43:29 AM",Tuesday Evening Run,Run,,1176,3.23,,FALSE,,activities/4200476256.fit.gz,,,970,4.599999905,3.332886696,10.84545422,15,87.40000153,101.8000031,227
3924228502,"Dec 24, 2019, 11:26:12 PM",Tuesday Evening Run,Run,,351,0.89,,FALSE,,activities/4200476289.fit.gz,,,231,8.199999809,3.852380991,3.923076868,3,6.300000191,11.30000019,63
3924228509,"Jan 13, 2020, 12:40:01 AM",Sunday Evening Run,Run,,1076,3.22,,FALSE,,activities/4200476274.fit.gz,,,1060,5.199999809,3.041603804,10.52226353,9,6.699999809,12.89999962,223
3924228548,"Dec 24, 2019, 10:37:44 PM",Tuesday Evening Run,Run,,1762,5.84,,FALSE,,activities/4200476308.fit.gz,,,1745,9,3.347793579,10.88243675,12,6.800000191,15.19999981,408
3924228566,"Dec 15, 2019, 11:11:48 PM",Sunday Evening Run,Run,,1503,2.29,,FALSE,,activities/4200476337.fit.gz,,,667,6.900000095,3.434182882,4.247660637,21,2.700000048,9.399999619,160
3924228583,"Feb 6, 2020, 12:58:31 AM",Wednesday Evening Run,Run,,4691,4.48,,FALSE,,activities/4200476246.fit.gz,,,1430,4.800000191,3.138601303,27.91222763,124,93.69999695,108.6999969,312
3924228595,"Dec 13, 2019, 1:12:36 AM",Thursday Evening Run,Run,,1511,4.88,,FALSE,,activities/4200476365.fit.gz,,,1475,7.199999809,3.312067747,16.68668747,19,3.900000095,12.19999981,342
3924228604,"Dec 11, 2019, 3:32:01 AM",Tuesday Night Run,Run,,888,2.58,,FALSE,,activities/4200476376.fit.gz,,,855,6,3.024444342,8.286507607,12,3.400000095,12.19999981,179
3924228609,"Dec 15, 2019, 4:35:02 AM",Saturday Night Run,Run,,2250,7.08,,FALSE,,activities/4200476355.fit.gz,,,2201,11.69999981,3.217401266,28.93595886,35,3.299999952,13.19999981,491
3924228624,"Dec 7, 2019, 11:03:41 PM",Saturday Evening Run,Run,,975,3.04,,FALSE,,activities/4200476391.fit.gz,,,908,11.60000038,3.349118948,5.894608021,10,7.400000095,13.89999962,213
3924228628,"Dec 7, 2019, 7:08:20 PM",Saturday Afternoon Run,Run,,906,2.83,,FALSE,,activities/4200476403.fit.gz,,,854,6.5,3.322482347,6.872371674,10,7.800000191,13.5,198
3924228629,"Dec 22, 2019, 9:52:44 PM",Sunday Afternoon Run,Run,,3405,9.29,,FALSE,,activities/4200476329.fit.gz,,,3082,5.699999809,3.01505518,55.8639183,83,3.700000048,33.29999924,643
3924228655,"Dec 5, 2019, 12:50:19 AM",Wednesday Evening Run,Run,,555,1.61,,FALSE,,activities/4200476431.fit.gz,,,487,5.400000095,3.319301844,9.826388359,6,3.400000095,12.19999981,113
3924228659,"Dec 7, 2019, 3:37:43 AM",Friday Night Run,Run,,1167,3.29,,FALSE,,activities/4200476418.fit.gz,,,1068,5.199999809,3.080898762,17.86422539,16,3.299999952,11,228
3924228706,"Dec 4, 2019, 12:36:37 AM",Tuesday Evening Run,Run,,2025,6.44,,FALSE,,activities/4200476454.fit.gz,,,1889,6.099999905,3.41334033,23.25128174,52,8.800000191,32.40000153,452
3924228735,"Nov 24, 2019, 8:15:11 PM",Sunday Afternoon Run,Run,,809,2.42,,FALSE,,activities/4200476517.fit.gz,,,685,6.400000095,3.542335749,13.83076954,12,9.100000381,23.20000076,171
3924228744,"Nov 27, 2019, 3:29:04 AM",First Run,Run,,1355,3.79,,FALSE,,activities/4200476507.fit.gz,,,1203,5.400000095,3.154530287,14.85088539,12,8.699999809,14.69999981,263
3924228772,"Nov 20, 2019, 1:32:02 AM",Tuesday Evening Run,Run,,1187,3.24,,FALSE,,activities/4200476547.fit.gz,,,1003,10.19999981,3.234596252,10.90105247,9,3.700000048,12.10000038,226
3924228792,"Nov 24, 2019, 1:52:12 PM",Sunday Morning Run,Run,,3090,8.29,,FALSE,,activities/4200476535.fit.gz,,,2689,5,3.083599806,45.82455826,46,9.100000381,34.09999847,575
3924228818,"Nov 19, 2019, 1:05:39 AM",Monday Evening Run,Run,,4008,2.44,,FALSE,,activities/4200476565.fit.gz,,,693,5.900000095,3.520490646,13.69224167,12,5.800000191,12.19999981,172
3924228829,"Nov 6, 2019, 11:00:26 PM",Wednesday Evening Run,Run,,1496,4.84,,FALSE,,activities/4200476669.fit.gz,,,1496,7.800000191,3.238235235,17.20000076,12,-6.599999905,1,340
3924228834,"Nov 8, 2019, 3:00:10 AM",Thursday Night Run,Run,,1082,3.23,,FALSE,,activities/4200476649.fit.gz,,,969,4.800000191,3.339628458,14.77463245,13,3.400000095,15.10000038,227
3924228844,"Nov 10, 2019, 8:21:39 PM",Sunday Afternoon Run,Run,,1708,4.85,,FALSE,,activities/4200476630.fit.gz,,,1444,8.100000381,3.36135745,20.12198067,21,6.699999809,24.5,340
3924228848,"Nov 29, 2019, 7:04:24 PM",Friday Afternoon Run,Run,,6500,17.74,,FALSE,,activities/4200476490.fit.gz,,,5831,9.5,3.043200254,45.85906982,56,7.599999905,28.29999924,1221
3924228853,"Nov 3, 2019, 7:47:34 PM",Sunday Afternoon Run,Run,,1969,6.47,,FALSE,,activities/4200476688.fit.gz,,,1969,7.199999809,3.289791822,39.79999924,40,-12.39999962,12.19999981,454
3924228872,"Nov 13, 2019, 8:58:41 PM",Wednesday Afternoon Run,Run,,3259,8.49,,FALSE,,activities/4200476611.fit.gz,,,2929,5.199999809,2.89955616,99.96932983,113,1.600000024,51.29999924,582
3924228880,"Nov 17, 2019, 5:17:11 PM",Sunday Afternoon Run,Run,,5376,5.05,,FALSE,,activities/4200476588.fit.gz,,,1558,7.599999905,3.242426157,15.26002789,13,5.300000191,12.80000019,351
3924228917,"Oct 26, 2019, 8:45:32 PM",Saturday Afternoon Run,Run,,1158,3.59,,FALSE,,activities/4200476714.fit.gz,,,1090,5.599999905,3.297064304,15.54166698,22,6.900000095,24.29999924,251
3924228923,"Oct 28, 2019, 9:17:00 PM",Monday Evening Run,Run,,1730,4.94,,FALSE,,activities/4200476701.fit.gz,,,1580,7.199999809,3.127151966,57.78565979,54,24.79999924,70.80000305,342
3924228932,"Oct 22, 2019, 12:00:37 AM",Monday Evening Run,Run,,1223,3.25,,FALSE,,activities/4200476729.fit.gz,,,984,5.900000095,3.310162544,15.01712132,12,3.400000095,9.5,228
3924228944,"Oct 13, 2019, 6:01:07 PM",Sunday Afternoon Run,Run,,603,1.76,,FALSE,,activities/4200476762.fit.gz,,,548,7.5,3.213321209,6.583333492,6,3.400000095,11,122
3924228983,"Oct 19, 2019, 11:26:15 PM",Saturday Evening Run,Run,,2189,5.78,,FALSE,,activities/4200476748.fit.gz,,,1859,7.099999905,3.112157106,22.1875,24,10.10000038,28.20000076,402
3924229557,"Oct 6, 2019, 7:55:24 PM",Sunday Afternoon Run,Run,,557,1.63,,FALSE,,activities/4200477472.fit.gz,,,401,7.699999809,4.063341618,17.11309433,3,7.099999905,24.5,116
3924229562,"Oct 13, 2019, 12:48:36 AM",Saturday Evening Run,Run,,2089,6.57,,FALSE,,activities/4200477432.fit.gz,,,2055,7.5,3.198978186,32.35151672,31,6.699999809,33.09999847,456
3924229599,"Sep 28, 2019, 10:20:50 PM",Saturday Evening Run,Run,,813,2.61,,FALSE,,activities/4200477511.fit.gz,,,808,7,3.231435537,11.32708359,9,8.699999809,20.39999962,182
3924229604,"Oct 11, 2019, 11:45:20 PM",Friday Evening Run,Run,,3140,8.4,,FALSE,,activities/4200477462.fit.gz,,,2617,6.900000095,3.21169281,22.48290634,31,1.700000048,15,586
3924229605,"Oct 5, 2019, 5:47:54 PM",Saturday Afternoon Run,Run,,1640,5.07,,FALSE,,activities/4200477495.fit.gz,,,1493,5.800000191,3.395512342,24.08586121,50,5.800000191,27.79999924,356
3924229626,"Sep 22, 2019, 4:27:04 PM",Sunday Afternoon Run,Run,,1102,3.24,,FALSE,,activities/4200477527.fit.gz,,,942,5.300000191,3.443842888,17.26691246,18,6.699999809,24.29999924,228
3924229658,"Sep 16, 2019, 10:46:17 PM",Monday Evening Run,Run,,2597,6.63,,FALSE,,activities/4200477577.fit.gz,,,2189,9.199999809,3.03106451,20.34595299,26,1.700000048,11,459
3924229660,"Sep 20, 2019, 10:07:05 PM",Friday Evening Run,Run,,1079,2.66,,FALSE,,activities/4200477561.fit.gz,,,964,5.400000095,2.761722088,7.465384483,9,3.400000095,10.80000019,180
3924229665,"Sep 21, 2019, 9:44:53 PM",Saturday Evening Run,Run,,1785,4.84,,FALSE,,activities/4200477551.fit.gz,,,1542,6.800000191,3.13968873,12.62133503,12,8.300000191,18.79999924,337
3924229672,"Sep 8, 2019, 3:03:05 AM",Saturday Night Run,Run,,1753,5.41,,FALSE,,activities/4200477587.fit.gz,,,1672,7.900000095,3.240849257,21.55654716,16,2.900000095,12.69999981,377
3924229683,"Aug 22, 2019, 11:25:03 PM",Thursday Evening Run,Run,,1049,3.23,,FALSE,,activities/4200477616.fit.gz,,,988,6.800000191,3.277429104,13.51428604,9,5.699999809,12.19999981,225
3924229708,"Aug 22, 2019, 12:18:41 AM",Wednesday Evening Run,Run,,1971,5.86,,FALSE,,activities/4200477624.fit.gz,,,1930,5.699999809,3.038911819,27.0446434,33,5.800000191,28.20000076,405
3924229713,"Aug 17, 2019, 4:45:24 PM",Saturday Afternoon Run,Run,,1580,4.84,,FALSE,,activities/4200477633.fit.gz,,,1523,7.599999905,3.180892944,45.6696434,47,6.400000095,48.40000153,336
3924229717,"Aug 11, 2019, 9:29:04 PM",Sunday Evening Run,Run,,929,3.26,,FALSE,,activities/4200477642.fit.gz,,,911,6,3.584961653,15.47380924,10,3.299999952,11,230
3924229730,"Sep 1, 2019, 1:32:41 AM",Saturday Night Run,Run,,5806,16.11,,FALSE,,activities/4200477604.fit.gz,,,5400,8.399999619,2.984518528,53.52238083,46,2.700000048,30.10000038,1095
3924229737,"Aug 10, 2019, 10:42:40 PM",Saturday Evening Run,Run,,1942,5.57,,FALSE,,activities/4200477650.fit.gz,,,1664,6.699999809,3.351322174,26.94523811,31,6.800000191,29.60000038,390
3924229742,"Aug 10, 2019, 2:32:41 AM",Friday Night Run,Run,,1535,4.84,,FALSE,,activities/4200477658.fit.gz,,,1519,5.400000095,3.187820911,7.449999809,14,4.5,13.39999962,336
3924229750,"Aug 4, 2019, 8:36:24 PM",Sunday Afternoon Run,Run,,1693,5.28,,FALSE,,activities/4200477668.fit.gz,,,1673,6.800000191,3.158218861,20.47857094,19,6.900000095,23.20000076,368
3924229758,"Jul 30, 2019, 9:54:40 PM",Tuesday Evening Run,Run,,697,2.06,,FALSE,,activities/4200477689.fit.gz,,,653,5.5,3.15666151,2.017857075,10,5.800000191,14.60000038,140
3924229779,"Jul 28, 2019, 10:23:59 PM",Sunday Evening Run,Run,,1263,3.92,,FALSE,,activities/4200477706.fit.gz,,,1199,6.599999905,3.270308495,8.676071167,6,7.599999905,12.5,272
3924229786,"Aug 1, 2019, 1:35:42 AM",Wednesday Night Run,Run,,4083,10.62,,FALSE,,activities/4200477682.fit.gz,,,3813,9.199999809,2.786152601,43.4196434,41,2.900000095,29.5,716
3924229791,"Jul 28, 2019, 5:02:32 PM",Sunday Afternoon Run,Run,,940,3.26,,FALSE,,activities/4200477722.fit.gz,,,931,5.599999905,3.506337166,17.2761898,13,6.900000095,24.39999962,229
3924229819,"Jul 23, 2019, 2:02:15 AM",Monday Night Run,Run,,1162,3.29,,FALSE,,activities/4200477756.fit.gz,,,981,5.099999905,3.353924513,11.98884964,24,3.599999905,12.39999962,227
3924229827,"Jul 27, 2019, 4:21:36 PM",Saturday Afternoon Run,Run,,3668,10.17,,FALSE,,activities/4200477734.fit.gz,,,3519,6.800000191,2.891531706,26.10238075,19,1.600000024,13.30000019,694
3924229847,"Jul 22, 2019, 1:05:31 AM",Sunday Night Run,Run,,2853,7.05,,FALSE,,activities/4200477765.fit.gz,,,2347,6.599999905,3.005155563,27.26646805,24,5.900000095,29.5,479
3924229849,"Jul 24, 2019, 12:23:01 AM",Tuesday Evening Run,Run,,2306,6.98,,FALSE,,activities/4200477740.fit.gz,,,2202,6.800000191,3.172070742,36.08285904,29,3.400000095,24.29999924,483
3924229858,"Jul 20, 2019, 4:02:49 PM",Saturday Afternoon Run,Run,,4567,6.44,,FALSE,,activities/4200477773.fit.gz,,,1979,7.5,3.254573107,21.48075104,15,3.400000095,13.19999981,445
3924229874,"Jul 18, 2019, 1:58:39 AM",Wednesday Night Run,Run,,2596,8.06,,FALSE,,activities/4200477786.fit.gz,,,2310,11.89999962,3.48969698,17.5116272,12,9,15.19999981,558
3924229885,"Jul 16, 2019, 12:13:37 AM",Monday Evening Run,Run,,1975,6.45,,FALSE,,activities/4200477797.fit.gz,,,1951,6.099999905,3.310405016,30.77202415,26,6.800000191,31.29999924,451
3924229892,"Jul 14, 2019, 10:04:16 PM",Sunday Evening Run,Run,,1232,3.65,,FALSE,,activities/4200477816.fit.gz,,,1209,4.800000191,3.01877594,15.39999962,9,6.900000095,22.70000076,251
3924229903,"Jul 11, 2019, 12:44:43 AM",Wednesday Evening Run,Run,,512,1.64,,FALSE,,activities/4200477834.fit.gz,,,499,4.599999905,3.30220437,8.689285278,7,10,19.29999924,115
3924229910,"Jul 12, 2019, 12:45:08 AM",Thursday Evening Run,Run,,1611,5.09,,FALSE,,activities/4200477827.fit.gz,,,1569,7.099999905,3.247163773,19.48630905,10,3.299999952,9.399999619,354
3924229916,"Jul 9, 2019, 11:29:28 PM",Tuesday Evening Run,Run,,1034,3.3,,FALSE,,activities/4200477847.fit.gz,,,1016,5.900000095,3.256397724,20.20595169,20,3.400000095,17.60000038,230
3924229929,"Jul 8, 2019, 10:16:39 PM",Monday Evening Run,Run,,1512,4.86,,FALSE,,activities/4200477862.fit.gz,,,1483,6,3.278287172,21.03035736,19,3.700000048,22.70000076,339
3924229936,"Jul 7, 2019, 11:29:49 PM",Sunday Evening Run,Run,,1070,3.25,,FALSE,,activities/4200477875.fit.gz,,,1052,5.800000191,3.089163542,17.34166718,13,6.900000095,24.5,225
3924229945,"Jul 6, 2019, 5:16:40 PM",Saturday Afternoon Run,Run,,945,3.25,,FALSE,,activities/4200477883.fit.gz,,,927,5.800000191,3.507335424,17.35000038,10,6.900000095,24.5,228
3924229954,"Jul 5, 2019, 1:00:14 AM",Thursday Night Run,Run,,962,3.27,,FALSE,,activities/4200477894.fit.gz,,,909,9,3.596479654,15.5783329,13,3.5,11,229
3924229967,"Jul 4, 2019, 4:56:05 PM",Thursday Afternoon Run,Run,,1330,2.39,,FALSE,,activities/4200477908.fit.gz,,,729,5.699999809,3.288751602,17.00290489,19,6.900000095,20.89999962,165
3924229983,"Jul 1, 2019, 1:03:00 AM",Poplar - Olde Kensington,Run,,476,1.64,,FALSE,,activities/4200477933.fit.gz,,,470,5.5,3.491276503,3.349999905,6,7.599999905,14.10000038,115
3924229986,"Jul 1, 2019, 12:48:12 AM",Sunday Evening Run,Run,,470,1.64,,FALSE,,activities/4200477939.fit.gz,,,457,6.599999905,3.601969481,8.467499733,3,10.10000038,19.20000076,116
3924229994,"Jul 2, 2019, 11:05:37 PM",Tuesday Evening Run,Run,,3042,8.08,,FALSE,,activities/4200477918.fit.gz,,,2896,5.199999809,2.792714119,29.51706314,21,5.5,19.20000076,539
3924230001,"Jun 20, 2019, 12:41:52 AM",Wednesday Evening Run,Run,,947,2.54,,FALSE,,activities/4200477951.fit.gz,,,868,5.400000095,2.931451559,4.388888836,7,3.400000095,10.80000019,169
3931590891,"Aug 17, 2020, 5:45:41 PM",Monday Afternoon Run,Run,,1631,4.24,,FALSE,,activities/4208563874.fit.gz,,,1313,4.900000095,3.228712797,26.23469734,16,94.19999695,108.1999969,295
3931590901,"Aug 18, 2020, 3:58:07 PM",Tuesday Morning Run,Run,,2095,5.65,,FALSE,,activities/4208563843.fit.gz,,,1756,5.699999809,3.220785856,41.93207169,33,91.5,108.1999969,394
3932312601,"Aug 18, 2020, 6:25:14 PM",Afternoon Ride,Ride,,789,2.91,,FALSE,,activities/3932312601.gpx,,,789,6.300000191,3.69771862,18.67030907,18.77030945,94.19999695,108.1999969,
3933279502,"Aug 18, 2020, 10:25:01 PM",Evening Ride,Ride,,1215,5.3,,FALSE,,activities/3933279502.gpx,,,1215,9.399999619,4.365843773,33.414711,33.51471329,89.5,107.8000031,
3936328228,"Aug 19, 2020, 3:37:44 PM",Lunch Ride,Ride,,572,2.36,,FALSE,,activities/3936328228.gpx,,,572,6.800000191,4.130419731,14.48357105,14.48357105,94.19999695,108.1999969,
3937839617,"Aug 19, 2020, 9:08:32 PM",Wednesday Evening Run,Run,,1315,3.33,,FALSE,,activities/4215247675.fit.gz,,,1019,4.900000095,3.267615318,20.39786339,20,94.5,108.1999969,232
3943294002,"Aug 20, 2020, 10:19:27 PM",Evening Ride,Ride,,687,2.88,,FALSE,,activities/3943294002.gpx,,,687,6.900000095,4.192576408,20.24215508,20.64215469,94.19999695,108,
3946778857,"Aug 21, 2020, 6:52:19 PM",Friday Afternoon Run,Run,,1857,3.23,,FALSE,,activities/4224834653.fit.gz,,,954,5.099999905,3.392662525,23.12398911,20,94.19999695,107.9000015,226
3946892532,"Aug 21, 2020, 9:58:48 PM",Afternoon Ride,Ride,,1128,5.28,,FALSE,,activities/3946892532.gpx,,,1128,8.600000381,4.685638428,31.7396431,31.83964348,89.5,108.1999969,
3951699465,"Aug 22, 2020, 10:11:31 PM",Saturday Evening Run,Run,,2010,5.17,,FALSE,,activities/4230125827.fit.gz,,,1700,4.900000095,3.04352951,37.13272858,28,91.5,108.1999969,357
3958074639,"Aug 24, 2020, 9:24:05 AM",Morning Ride,Ride,,993,2.79,,FALSE,,activities/3958074639.gpx,,,825,7.900000095,3.39018178,15.2417078,15.2417078,26.5,33.09999847,
3959435546,"Aug 24, 2020, 12:03:38 PM",Monday Morning Run,Run,,2276,6.24,,FALSE,,activities/4238402200.fit.gz,,,1893,5.5,3.298045397,20.57606125,53,11.39999962,27.29999924,436
3964383874,"Aug 25, 2020, 4:27:03 PM",Tuesday Afternoon Run,Run,,1351,3.22,,FALSE,,activities/4243669812.fit.gz,,,1105,4.400000095,2.918099642,11.81545448,10,101,108.1999969,221
